<?xml version="1.0" encoding="UTF-8"?>
<project-private xmlns="http://www.netbeans.org/ns/project-private/1">
    <editor-bookmarks xmlns="http://www.netbeans.org/ns/editor-bookmarks/2" lastBookmarkId="0"/>
    <open-files xmlns="http://www.netbeans.org/ns/projectui-open-files/2">
        <group>
            <file>file:/C:/Users/Win10/Documents/GitHub/Hotel-Management-project/src/hotel/management/RoomList.java</file>
            <file>file:/C:/Users/Win10/Documents/GitHub/Hotel-Management-project/src/hotel/management/RestMenu.java</file>
            <file>file:/C:/Users/Win10/Documents/GitHub/Hotel-Management-project/src/hotel/management/AddStaff.java</file>
            <file>file:/C:/Users/Win10/Documents/GitHub/Hotel-Management-project/src/hotel/management/AddItem.java</file>
            <file>file:/C:/Users/Win10/Documents/GitHub/Hotel-Management-project/src/hotel/management/RoomBooking.java</file>
            <file>file:/C:/Users/Win10/Documents/GitHub/Hotel-Management-project/src/hotel/management/CustomerList.java</file>
            <file>file:/C:/Users/Win10/Documents/GitHub/Hotel-Management-project/src/hotel/management/Credentials.java</file>
            <file>file:/C:/Users/Win10/Documents/GitHub/Hotel-Management-project/src/hotel/management/BookFood.java</file>
            <file>file:/C:/Users/Win10/Documents/GitHub/Hotel-Management-project/src/hotel/management/Login.java</file>
        </group>
    </open-files>
</project-private>
